"","Date","HomeTeam","AwayTeam","FTHG","FTAG","FTR"
"1","18/08/17","Leganes","Alaves",1,0,"H"
"2","18/08/17","Valencia","Las Palmas",1,0,"H"
"3","19/08/17","Celta","Sociedad",2,3,"A"
"4","19/08/17","Girona","Ath Madrid",2,2,"D"
"5","19/08/17","Sevilla","Espanol",1,1,"D"
"6","20/08/17","Ath Bilbao","Getafe",0,0,"D"
"7","20/08/17","Barcelona","Betis",2,0,"H"
"8","20/08/17","La Coruna","Real Madrid",0,3,"A"
"9","21/08/17","Levante","Villarreal",1,0,"H"
"10","21/08/17","Malaga","Eibar",0,1,"A"
"11","25/08/17","Betis","Celta",2,1,"H"
"12","25/08/17","Sociedad","Villarreal",3,0,"H"
"13","26/08/17","Alaves","Barcelona",0,2,"A"
"14","26/08/17","Girona","Malaga",1,0,"H"
"15","26/08/17","Las Palmas","Ath Madrid",1,5,"A"
"16","26/08/17","Levante","La Coruna",2,2,"D"
"17","27/08/17","Eibar","Ath Bilbao",0,1,"A"
"18","27/08/17","Espanol","Leganes",0,1,"A"
"19","27/08/17","Getafe","Sevilla",0,1,"A"
"20","27/08/17","Real Madrid","Valencia",2,2,"D"
"21","08/09/17","Leganes","Getafe",1,2,"A"
"22","09/09/17","Barcelona","Espanol",5,0,"H"
"23","09/09/17","Real Madrid","Levante",1,1,"D"
"24","09/09/17","Sevilla","Eibar",3,0,"H"
"25","09/09/17","Valencia","Ath Madrid",0,0,"D"
"26","10/09/17","Ath Bilbao","Girona",2,0,"H"
"27","10/09/17","Celta","Alaves",1,0,"H"
"28","10/09/17","La Coruna","Sociedad",2,4,"A"
"29","10/09/17","Villarreal","Betis",3,1,"H"
"30","11/09/17","Malaga","Las Palmas",1,3,"A"
"31","15/09/17","Eibar","Leganes",1,0,"H"
"32","16/09/17","Ath Madrid","Malaga",1,0,"H"
"33","16/09/17","Betis","La Coruna",2,1,"H"
"34","16/09/17","Getafe","Barcelona",1,2,"A"
"35","16/09/17","Levante","Valencia",1,1,"D"
"36","17/09/17","Alaves","Villarreal",0,3,"A"
"37","17/09/17","Girona","Sevilla",0,1,"A"
"38","17/09/17","Las Palmas","Ath Bilbao",1,0,"H"
"39","17/09/17","Sociedad","Real Madrid",1,3,"A"
"40","18/09/17","Espanol","Celta",2,1,"H"
"41","19/09/17","Barcelona","Eibar",6,1,"H"
"42","19/09/17","Valencia","Malaga",5,0,"H"
"43","20/09/17","Ath Bilbao","Ath Madrid",1,2,"A"
"44","20/09/17","La Coruna","Alaves",1,0,"H"
"45","20/09/17","Leganes","Girona",0,0,"D"
"46","20/09/17","Real Madrid","Betis",0,1,"A"
"47","20/09/17","Sevilla","Las Palmas",1,0,"H"
"48","21/09/17","Celta","Getafe",1,1,"D"
"49","21/09/17","Levante","Sociedad",3,0,"H"
"50","21/09/17","Villarreal","Espanol",0,0,"D"
"51","23/09/17","Alaves","Real Madrid",1,2,"A"
"52","23/09/17","Ath Madrid","Sevilla",2,0,"H"
"53","23/09/17","Girona","Barcelona",0,3,"A"
"54","23/09/17","Malaga","Ath Bilbao",3,3,"D"
"55","24/09/17","Eibar","Celta",0,4,"A"
"56","24/09/17","Espanol","La Coruna",4,1,"H"
"57","24/09/17","Getafe","Villarreal",4,0,"H"
"58","24/09/17","Las Palmas","Leganes",0,2,"A"
"59","24/09/17","Sociedad","Valencia",2,3,"A"
"60","25/09/17","Betis","Levante",4,0,"H"
"61","29/09/17","Celta","Girona",3,3,"D"
"62","30/09/17","La Coruna","Getafe",2,1,"H"
"63","30/09/17","Leganes","Ath Madrid",0,0,"D"
"64","30/09/17","Levante","Alaves",0,2,"A"
"65","30/09/17","Sevilla","Malaga",2,0,"H"
"66","01/10/17","Barcelona","Las Palmas",3,0,"H"
"67","01/10/17","Real Madrid","Espanol",2,0,"H"
"68","01/10/17","Sociedad","Betis",4,4,"D"
"69","01/10/17","Valencia","Ath Bilbao",3,2,"H"
"70","01/10/17","Villarreal","Eibar",3,0,"H"
"71","13/10/17","Espanol","Levante",0,0,"D"
"72","14/10/17","Alaves","Sociedad",0,2,"A"
"73","14/10/17","Ath Bilbao","Sevilla",1,0,"H"
"74","14/10/17","Ath Madrid","Barcelona",1,1,"D"
"75","14/10/17","Getafe","Real Madrid",1,2,"A"
"76","15/10/17","Betis","Valencia",3,6,"A"
"77","15/10/17","Eibar","La Coruna",0,0,"D"
"78","15/10/17","Girona","Villarreal",1,2,"A"
"79","15/10/17","Malaga","Leganes",0,2,"A"
"80","16/10/17","Las Palmas","Celta",2,5,"A"
"81","21/10/17","Barcelona","Malaga",2,0,"H"
"82","21/10/17","Betis","Alaves",2,0,"H"
"83","21/10/17","Levante","Getafe",1,1,"D"
"84","21/10/17","Valencia","Sevilla",4,0,"H"
"85","22/10/17","Celta","Ath Madrid",0,1,"A"
"86","22/10/17","Leganes","Ath Bilbao",1,0,"H"
"87","22/10/17","Real Madrid","Eibar",3,0,"H"
"88","22/10/17","Villarreal","Las Palmas",4,0,"H"
"89","23/10/17","La Coruna","Girona",1,2,"A"
"90","23/10/17","Sociedad","Espanol",1,1,"D"
"91","28/10/17","Alaves","Valencia",1,2,"A"
"92","28/10/17","Ath Bilbao","Barcelona",0,2,"A"
"93","28/10/17","Ath Madrid","Villarreal",1,1,"D"
"94","28/10/17","Sevilla","Leganes",2,1,"H"
"95","29/10/17","Eibar","Levante",2,2,"D"
"96","29/10/17","Getafe","Sociedad",2,1,"H"
"97","29/10/17","Girona","Real Madrid",2,1,"H"
"98","29/10/17","Malaga","Celta",2,1,"H"
"99","30/10/17","Espanol","Betis",1,0,"H"
"100","30/10/17","Las Palmas","La Coruna",1,3,"A"
"101","03/11/17","Betis","Getafe",2,2,"D"
"102","04/11/17","Alaves","Espanol",1,0,"H"
"103","04/11/17","Barcelona","Sevilla",2,1,"H"
"104","04/11/17","La Coruna","Ath Madrid",0,1,"A"
"105","04/11/17","Valencia","Leganes",3,0,"H"
"106","05/11/17","Celta","Ath Bilbao",3,1,"H"
"107","05/11/17","Levante","Girona",1,2,"A"
"108","05/11/17","Real Madrid","Las Palmas",3,0,"H"
"109","05/11/17","Sociedad","Eibar",3,1,"H"
"110","05/11/17","Villarreal","Malaga",2,0,"H"
"111","17/11/17","Girona","Sociedad",1,1,"D"
"112","18/11/17","Ath Madrid","Real Madrid",0,0,"D"
"113","18/11/17","Getafe","Alaves",4,1,"H"
"114","18/11/17","Leganes","Barcelona",0,3,"A"
"115","18/11/17","Sevilla","Celta",2,1,"H"
"116","19/11/17","Ath Bilbao","Villarreal",1,1,"D"
"117","19/11/17","Espanol","Valencia",0,2,"A"
"118","19/11/17","Las Palmas","Levante",0,2,"A"
"119","19/11/17","Malaga","La Coruna",3,2,"H"
"120","20/11/17","Eibar","Betis",5,0,"H"
"121","24/11/17","Celta","Leganes",1,0,"H"
"122","25/11/17","Alaves","Eibar",1,2,"A"
"123","25/11/17","Betis","Girona",2,2,"D"
"124","25/11/17","Levante","Ath Madrid",0,5,"A"
"125","25/11/17","Real Madrid","Malaga",3,2,"H"
"126","26/11/17","La Coruna","Ath Bilbao",2,2,"D"
"127","26/11/17","Sociedad","Las Palmas",2,2,"D"
"128","26/11/17","Valencia","Barcelona",1,1,"D"
"129","26/11/17","Villarreal","Sevilla",2,3,"A"
"130","27/11/17","Espanol","Getafe",1,0,"H"
"131","01/12/17","Malaga","Levante",0,0,"D"
"132","02/12/17","Ath Bilbao","Real Madrid",0,0,"D"
"133","02/12/17","Ath Madrid","Sociedad",2,1,"H"
"134","02/12/17","Barcelona","Celta",2,2,"D"
"135","02/12/17","Sevilla","La Coruna",2,0,"H"
"136","03/12/17","Eibar","Espanol",3,1,"H"
"137","03/12/17","Getafe","Valencia",1,0,"H"
"138","03/12/17","Las Palmas","Betis",1,0,"H"
"139","03/12/17","Leganes","Villarreal",3,1,"H"
"140","04/12/17","Girona","Alaves",2,3,"A"
"141","08/12/17","Alaves","Las Palmas",2,0,"H"
"142","09/12/17","Getafe","Eibar",0,0,"D"
"143","09/12/17","La Coruna","Leganes",1,0,"H"
"144","09/12/17","Real Madrid","Sevilla",5,0,"H"
"145","09/12/17","Valencia","Celta",2,1,"H"
"146","10/12/17","Betis","Ath Madrid",0,1,"A"
"147","10/12/17","Levante","Ath Bilbao",1,2,"A"
"148","10/12/17","Sociedad","Malaga",0,2,"A"
"149","10/12/17","Villarreal","Barcelona",0,2,"A"
"150","11/12/17","Espanol","Girona",0,1,"A"
"151","15/12/17","Sevilla","Levante",0,0,"D"
"152","16/12/17","Ath Bilbao","Sociedad",0,0,"D"
"153","16/12/17","Ath Madrid","Alaves",1,0,"H"
"154","16/12/17","Eibar","Valencia",2,1,"H"
"155","17/12/17","Barcelona","La Coruna",4,0,"H"
"156","17/12/17","Celta","Villarreal",0,1,"A"
"157","17/12/17","Girona","Getafe",1,0,"H"
"158","17/12/17","Las Palmas","Espanol",2,2,"D"
"159","18/12/17","Malaga","Betis",0,2,"A"
"160","19/12/17","Levante","Leganes",0,0,"D"
"161","20/12/17","Getafe","Las Palmas",2,0,"H"
"162","20/12/17","Sociedad","Sevilla",3,1,"H"
"163","21/12/17","Alaves","Malaga",1,0,"H"
"164","21/12/17","Eibar","Girona",4,1,"H"
"165","22/12/17","Betis","Ath Bilbao",0,2,"A"
"166","22/12/17","Espanol","Ath Madrid",1,0,"H"
"167","23/12/17","La Coruna","Celta",1,3,"A"
"168","23/12/17","Real Madrid","Barcelona",0,3,"A"
"169","23/12/17","Valencia","Villarreal",0,1,"A"
"170","06/01/18","Ath Madrid","Getafe",2,0,"H"
"171","06/01/18","Las Palmas","Eibar",1,2,"A"
"172","06/01/18","Sevilla","Betis",3,5,"A"
"173","06/01/18","Valencia","Girona",2,1,"H"
"174","07/01/18","Ath Bilbao","Alaves",2,0,"H"
"175","07/01/18","Barcelona","Levante",3,0,"H"
"176","07/01/18","Celta","Real Madrid",2,2,"D"
"177","07/01/18","Leganes","Sociedad",1,0,"H"
"178","07/01/18","Villarreal","La Coruna",1,1,"D"
"179","08/01/18","Malaga","Espanol",0,1,"A"
"180","12/01/18","Getafe","Malaga",1,0,"H"
"181","13/01/18","Eibar","Ath Madrid",0,1,"A"
"182","13/01/18","Girona","Las Palmas",6,0,"H"
"183","13/01/18","La Coruna","Valencia",1,2,"A"
"184","13/01/18","Real Madrid","Villarreal",0,1,"A"
"185","14/01/18","Alaves","Sevilla",1,0,"H"
"186","14/01/18","Espanol","Ath Bilbao",1,1,"D"
"187","14/01/18","Levante","Celta",0,1,"A"
"188","14/01/18","Sociedad","Barcelona",2,4,"A"
"189","15/01/18","Betis","Leganes",3,2,"H"
"190","19/01/18","Getafe","Ath Bilbao",2,2,"D"
"191","20/01/18","Ath Madrid","Girona",1,1,"D"
"192","20/01/18","Espanol","Sevilla",0,3,"A"
"193","20/01/18","Las Palmas","Valencia",2,1,"H"
"194","20/01/18","Villarreal","Levante",2,1,"H"
"195","21/01/18","Alaves","Leganes",2,2,"D"
"196","21/01/18","Betis","Barcelona",0,5,"A"
"197","21/01/18","Real Madrid","La Coruna",7,1,"H"
"198","21/01/18","Sociedad","Celta",1,2,"A"
"199","22/01/18","Eibar","Malaga",1,1,"D"
"200","26/01/18","Ath Bilbao","Eibar",1,1,"D"
"201","27/01/18","La Coruna","Levante",2,2,"D"
"202","27/01/18","Malaga","Girona",0,0,"D"
"203","27/01/18","Valencia","Real Madrid",1,4,"A"
"204","27/01/18","Villarreal","Sociedad",4,2,"H"
"205","28/01/18","Ath Madrid","Las Palmas",3,0,"H"
"206","28/01/18","Barcelona","Alaves",2,1,"H"
"207","28/01/18","Leganes","Espanol",3,2,"H"
"208","28/01/18","Sevilla","Getafe",1,1,"D"
"209","29/01/18","Celta","Betis",3,2,"H"
"210","02/02/18","Sociedad","La Coruna",5,0,"H"
"211","03/02/18","Alaves","Celta",2,1,"H"
"212","03/02/18","Betis","Villarreal",2,1,"H"
"213","03/02/18","Eibar","Sevilla",5,1,"H"
"214","03/02/18","Levante","Real Madrid",2,2,"D"
"215","04/02/18","Ath Madrid","Valencia",1,0,"H"
"216","04/02/18","Espanol","Barcelona",1,1,"D"
"217","04/02/18","Getafe","Leganes",0,0,"D"
"218","04/02/18","Girona","Ath Bilbao",2,0,"H"
"219","05/02/18","Las Palmas","Malaga",1,0,"H"
"220","09/02/18","Ath Bilbao","Las Palmas",0,0,"D"
"221","10/02/18","Leganes","Eibar",0,1,"A"
"222","10/02/18","Malaga","Ath Madrid",0,1,"A"
"223","10/02/18","Real Madrid","Sociedad",5,2,"H"
"224","10/02/18","Villarreal","Alaves",1,2,"A"
"225","11/02/18","Barcelona","Getafe",0,0,"D"
"226","11/02/18","Celta","Espanol",2,2,"D"
"227","11/02/18","Sevilla","Girona",1,0,"H"
"228","11/02/18","Valencia","Levante",3,1,"H"
"229","12/02/18","La Coruna","Betis",0,1,"A"
"230","16/02/18","Girona","Leganes",3,0,"H"
"231","17/02/18","Alaves","La Coruna",1,0,"H"
"232","17/02/18","Eibar","Barcelona",0,2,"A"
"233","17/02/18","Las Palmas","Sevilla",1,2,"A"
"234","17/02/18","Malaga","Valencia",1,2,"A"
"235","18/02/18","Ath Madrid","Ath Bilbao",2,0,"H"
"236","18/02/18","Betis","Real Madrid",3,5,"A"
"237","18/02/18","Espanol","Villarreal",1,1,"D"
"238","18/02/18","Sociedad","Levante",3,0,"H"
"239","19/02/18","Getafe","Celta",3,0,"H"
"240","21/02/18","Leganes","Real Madrid",1,3,"A"
"241","23/02/18","La Coruna","Espanol",0,0,"D"
"242","24/02/18","Barcelona","Girona",6,1,"H"
"243","24/02/18","Celta","Eibar",2,0,"H"
"244","24/02/18","Leganes","Las Palmas",0,0,"D"
"245","24/02/18","Real Madrid","Alaves",4,0,"H"
"246","25/02/18","Ath Bilbao","Malaga",2,1,"H"
"247","25/02/18","Sevilla","Ath Madrid",2,5,"A"
"248","25/02/18","Valencia","Sociedad",2,1,"H"
"249","25/02/18","Villarreal","Getafe",1,0,"H"
"250","26/02/18","Levante","Betis",0,2,"A"
"251","27/02/18","Espanol","Real Madrid",1,0,"H"
"252","27/02/18","Girona","Celta",1,0,"H"
"253","28/02/18","Ath Bilbao","Valencia",1,1,"D"
"254","28/02/18","Ath Madrid","Leganes",4,0,"H"
"255","28/02/18","Eibar","Villarreal",1,0,"H"
"256","28/02/18","Getafe","La Coruna",3,0,"H"
"257","28/02/18","Malaga","Sevilla",0,1,"A"
"258","01/03/18","Alaves","Levante",1,0,"H"
"259","01/03/18","Betis","Sociedad",0,0,"D"
"260","01/03/18","Las Palmas","Barcelona",1,1,"D"
"261","03/03/18","La Coruna","Eibar",1,1,"D"
"262","03/03/18","Leganes","Malaga",2,0,"H"
"263","03/03/18","Real Madrid","Getafe",3,1,"H"
"264","03/03/18","Sevilla","Ath Bilbao",2,0,"H"
"265","03/03/18","Villarreal","Girona",0,2,"A"
"266","04/03/18","Barcelona","Ath Madrid",1,0,"H"
"267","04/03/18","Levante","Espanol",1,1,"D"
"268","04/03/18","Sociedad","Alaves",2,1,"H"
"269","04/03/18","Valencia","Betis",2,0,"H"
"270","05/03/18","Celta","Las Palmas",2,1,"H"
"271","09/03/18","Girona","La Coruna",2,0,"H"
"272","10/03/18","Eibar","Real Madrid",1,2,"A"
"273","10/03/18","Getafe","Levante",0,1,"A"
"274","10/03/18","Malaga","Barcelona",0,2,"A"
"275","10/03/18","Sevilla","Valencia",0,2,"A"
"276","11/03/18","Ath Bilbao","Leganes",2,0,"H"
"277","11/03/18","Ath Madrid","Celta",3,0,"H"
"278","11/03/18","Espanol","Sociedad",2,1,"H"
"279","11/03/18","Las Palmas","Villarreal",0,2,"A"
"280","12/03/18","Alaves","Betis",1,3,"A"
"281","16/03/18","Levante","Eibar",2,1,"H"
"282","17/03/18","Betis","Espanol",3,0,"H"
"283","17/03/18","La Coruna","Las Palmas",1,1,"D"
"284","17/03/18","Sociedad","Getafe",1,2,"A"
"285","17/03/18","Valencia","Alaves",3,1,"H"
"286","18/03/18","Barcelona","Ath Bilbao",2,0,"H"
"287","18/03/18","Celta","Malaga",0,0,"D"
"288","18/03/18","Leganes","Sevilla",2,1,"H"
"289","18/03/18","Real Madrid","Girona",6,3,"H"
"290","18/03/18","Villarreal","Ath Madrid",2,1,"H"
"291","31/03/18","Ath Bilbao","Celta",1,1,"D"
"292","31/03/18","Girona","Levante",1,1,"D"
"293","31/03/18","Las Palmas","Real Madrid",0,3,"A"
"294","31/03/18","Sevilla","Barcelona",2,2,"D"
"295","01/04/18","Ath Madrid","La Coruna",1,0,"H"
"296","01/04/18","Eibar","Sociedad",0,0,"D"
"297","01/04/18","Espanol","Alaves",0,0,"D"
"298","01/04/18","Leganes","Valencia",0,1,"A"
"299","01/04/18","Malaga","Villarreal",1,0,"H"
"300","02/04/18","Getafe","Betis",0,1,"A"
"301","06/04/18","La Coruna","Malaga",3,2,"H"
"302","07/04/18","Alaves","Getafe",2,0,"H"
"303","07/04/18","Barcelona","Leganes",3,1,"H"
"304","07/04/18","Betis","Eibar",2,0,"H"
"305","07/04/18","Celta","Sevilla",4,0,"H"
"306","08/04/18","Levante","Las Palmas",2,1,"H"
"307","08/04/18","Real Madrid","Ath Madrid",1,1,"D"
"308","08/04/18","Sociedad","Girona",5,0,"H"
"309","08/04/18","Valencia","Espanol",1,0,"H"
"310","09/04/18","Villarreal","Ath Bilbao",1,3,"A"
"311","13/04/18","Girona","Betis",0,1,"A"
"312","14/04/18","Ath Bilbao","La Coruna",2,3,"A"
"313","14/04/18","Barcelona","Valencia",2,1,"H"
"314","14/04/18","Las Palmas","Sociedad",0,1,"A"
"315","14/04/18","Leganes","Celta",1,0,"H"
"316","14/04/18","Sevilla","Villarreal",2,2,"D"
"317","15/04/18","Ath Madrid","Levante",3,0,"H"
"318","15/04/18","Eibar","Alaves",0,1,"A"
"319","15/04/18","Getafe","Espanol",1,0,"H"
"320","15/04/18","Malaga","Real Madrid",1,2,"A"
"321","17/04/18","Celta","Barcelona",2,2,"D"
"322","17/04/18","La Coruna","Sevilla",0,0,"D"
"323","17/04/18","Villarreal","Leganes",2,1,"H"
"324","18/04/18","Espanol","Eibar",0,1,"A"
"325","18/04/18","Real Madrid","Ath Bilbao",1,1,"D"
"326","18/04/18","Valencia","Getafe",1,2,"A"
"327","19/04/18","Alaves","Girona",1,2,"A"
"328","19/04/18","Betis","Las Palmas",1,0,"H"
"329","19/04/18","Levante","Malaga",1,0,"H"
"330","19/04/18","Sociedad","Ath Madrid",3,0,"H"
"331","20/04/18","Leganes","La Coruna",0,0,"D"
"332","21/04/18","Celta","Valencia",1,1,"D"
"333","21/04/18","Eibar","Getafe",0,1,"A"
"334","22/04/18","Ath Madrid","Betis",0,0,"D"
"335","22/04/18","Girona","Espanol",0,2,"A"
"336","22/04/18","Las Palmas","Alaves",0,4,"A"
"337","22/04/18","Malaga","Sociedad",2,0,"H"
"338","23/04/18","Ath Bilbao","Levante",1,3,"A"
"339","27/04/18","Levante","Sevilla",2,1,"H"
"340","28/04/18","Espanol","Las Palmas",1,1,"D"
"341","28/04/18","Real Madrid","Leganes",2,1,"H"
"342","28/04/18","Sociedad","Ath Bilbao",3,1,"H"
"343","28/04/18","Villarreal","Celta",4,1,"H"
"344","29/04/18","Alaves","Ath Madrid",0,1,"A"
"345","29/04/18","Getafe","Girona",1,1,"D"
"346","29/04/18","La Coruna","Barcelona",2,4,"A"
"347","29/04/18","Valencia","Eibar",0,0,"D"
"348","30/04/18","Betis","Malaga",2,1,"H"
"349","04/05/18","Sevilla","Sociedad",1,0,"H"
"350","05/05/18","Ath Bilbao","Betis",2,0,"H"
"351","05/05/18","Celta","La Coruna",1,1,"D"
"352","05/05/18","Girona","Eibar",1,4,"A"
"353","05/05/18","Villarreal","Valencia",1,0,"H"
"354","06/05/18","Ath Madrid","Espanol",0,2,"A"
"355","06/05/18","Barcelona","Real Madrid",2,2,"D"
"356","06/05/18","Las Palmas","Getafe",0,1,"A"
"357","06/05/18","Malaga","Alaves",0,3,"A"
"358","07/05/18","Leganes","Levante",0,3,"A"
"359","09/05/18","Barcelona","Villarreal",5,1,"H"
"360","09/05/18","Sevilla","Real Madrid",3,2,"H"
"361","12/05/18","Alaves","Ath Bilbao",3,1,"H"
"362","12/05/18","Betis","Sevilla",2,2,"D"
"363","12/05/18","Eibar","Las Palmas",1,0,"H"
"364","12/05/18","Getafe","Ath Madrid",0,1,"A"
"365","12/05/18","Girona","Valencia",0,1,"A"
"366","12/05/18","La Coruna","Villarreal",2,4,"A"
"367","12/05/18","Real Madrid","Celta",6,0,"H"
"368","12/05/18","Sociedad","Leganes",3,2,"H"
"369","13/05/18","Espanol","Malaga",4,1,"H"
"370","13/05/18","Levante","Barcelona",5,4,"H"
"371","19/05/18","Celta","Levante",4,2,"H"
"372","19/05/18","Las Palmas","Girona",1,2,"A"
"373","19/05/18","Leganes","Betis",3,2,"H"
"374","19/05/18","Malaga","Getafe",0,1,"A"
"375","19/05/18","Sevilla","Alaves",1,0,"H"
"376","19/05/18","Villarreal","Real Madrid",2,2,"D"
"377","20/05/18","Ath Bilbao","Espanol",0,1,"A"
"378","20/05/18","Ath Madrid","Eibar",2,2,"D"
"379","20/05/18","Barcelona","Sociedad",1,0,"H"
"380","20/05/18","Valencia","La Coruna",2,1,"H"
"381","17/08/2018","Betis","Levante",0,3,"A"
"382","17/08/2018","Girona","Valladolid",0,0,"D"
"383","18/08/2018","Barcelona","Alaves",3,0,"H"
"384","18/08/2018","Celta","Espanol",1,1,"D"
"385","18/08/2018","Villarreal","Sociedad",1,2,"A"
"386","19/08/2018","Eibar","Huesca",1,2,"A"
"387","19/08/2018","Real Madrid","Getafe",2,0,"H"
"388","19/08/2018","Vallecano","Sevilla",1,4,"A"
"389","20/08/2018","Ath Bilbao","Leganes",2,1,"H"
"390","20/08/2018","Valencia","Ath Madrid",1,1,"D"
"391","24/08/2018","Getafe","Eibar",2,0,"H"
"392","24/08/2018","Leganes","Sociedad",2,2,"D"
"393","25/08/2018","Alaves","Betis",0,0,"D"
"394","25/08/2018","Ath Madrid","Vallecano",1,0,"H"
"395","25/08/2018","Valladolid","Barcelona",0,1,"A"
"396","26/08/2018","Espanol","Valencia",2,0,"H"
"397","26/08/2018","Girona","Real Madrid",1,4,"A"
"398","26/08/2018","Sevilla","Villarreal",0,0,"D"
"399","27/08/2018","Ath Bilbao","Huesca",2,2,"D"
"400","27/08/2018","Levante","Celta",1,2,"A"
"401","31/08/2018","Eibar","Sociedad",2,1,"H"
"402","31/08/2018","Getafe","Valladolid",0,0,"D"
"403","31/08/2018","Villarreal","Girona",0,1,"A"
"404","01/09/2018","Celta","Ath Madrid",2,0,"H"
"405","01/09/2018","Real Madrid","Leganes",4,1,"H"
"406","02/09/2018","Alaves","Espanol",2,1,"H"
"407","02/09/2018","Barcelona","Huesca",8,2,"H"
"408","02/09/2018","Betis","Sevilla",1,0,"H"
"409","02/09/2018","Levante","Valencia",2,2,"D"
"410","14/09/2018","Huesca","Vallecano",0,1,"A"
"411","15/09/2018","Ath Bilbao","Real Madrid",1,1,"D"
"412","15/09/2018","Ath Madrid","Eibar",1,1,"D"
"413","15/09/2018","Sociedad","Barcelona",1,2,"A"
"414","15/09/2018","Valencia","Betis",0,0,"D"
"415","16/09/2018","Espanol","Levante",1,0,"H"
"416","16/09/2018","Leganes","Villarreal",0,1,"A"
"417","16/09/2018","Sevilla","Getafe",0,2,"A"
"418","16/09/2018","Valladolid","Alaves",0,1,"A"
"419","17/09/2018","Girona","Celta",3,2,"H"
"420","21/09/2018","Huesca","Sociedad",0,1,"A"
"421","22/09/2018","Celta","Valladolid",3,3,"D"
"422","22/09/2018","Eibar","Leganes",1,0,"H"
"423","22/09/2018","Getafe","Ath Madrid",0,2,"A"
"424","22/09/2018","Real Madrid","Espanol",1,0,"H"
"425","22/09/2018","Vallecano","Alaves",1,5,"A"
"426","23/09/2018","Barcelona","Girona",2,2,"D"
"427","23/09/2018","Betis","Ath Bilbao",2,2,"D"
"428","23/09/2018","Levante","Sevilla",2,6,"A"
"429","23/09/2018","Villarreal","Valencia",0,0,"D"
"430","25/09/2018","Ath Madrid","Huesca",3,0,"H"
"431","25/09/2018","Espanol","Eibar",1,0,"H"
"432","25/09/2018","Sociedad","Vallecano",2,2,"D"
"433","26/09/2018","Ath Bilbao","Villarreal",0,3,"A"
"434","26/09/2018","Leganes","Barcelona",2,1,"H"
"435","26/09/2018","Sevilla","Real Madrid",3,0,"H"
"436","26/09/2018","Valencia","Celta",1,1,"D"
"437","27/09/2018","Alaves","Getafe",1,1,"D"
"438","27/09/2018","Girona","Betis",0,1,"A"
"439","27/09/2018","Valladolid","Levante",2,1,"H"
"440","28/09/2018","Vallecano","Espanol",2,2,"D"
"441","29/09/2018","Barcelona","Ath Bilbao",1,1,"D"
"442","29/09/2018","Eibar","Sevilla",1,3,"A"
"443","29/09/2018","Real Madrid","Ath Madrid",0,0,"D"
"444","29/09/2018","Sociedad","Valencia",0,1,"A"
"445","30/09/2018","Betis","Leganes",1,0,"H"
"446","30/09/2018","Huesca","Girona",1,1,"D"
"447","30/09/2018","Levante","Alaves",2,1,"H"
"448","30/09/2018","Villarreal","Valladolid",0,1,"A"
"449","01/10/2018","Celta","Getafe",1,1,"D"
"450","05/10/2018","Ath Bilbao","Sociedad",1,3,"A"
"451","06/10/2018","Alaves","Real Madrid",1,0,"H"
"452","06/10/2018","Getafe","Levante",0,1,"A"
"453","06/10/2018","Girona","Eibar",2,3,"A"
"454","06/10/2018","Leganes","Vallecano",1,0,"H"
"455","07/10/2018","Ath Madrid","Betis",1,0,"H"
"456","07/10/2018","Espanol","Villarreal",3,1,"H"
"457","07/10/2018","Sevilla","Celta",2,1,"H"
"458","07/10/2018","Valencia","Barcelona",1,1,"D"
"459","07/10/2018","Valladolid","Huesca",1,0,"H"
"460","19/10/2018","Celta","Alaves",0,1,"A"
"461","20/10/2018","Barcelona","Sevilla",4,2,"H"
"462","20/10/2018","Real Madrid","Levante",1,2,"A"
"463","20/10/2018","Valencia","Leganes",1,1,"D"
"464","20/10/2018","Villarreal","Ath Madrid",1,1,"D"
"465","21/10/2018","Betis","Valladolid",0,1,"A"
"466","21/10/2018","Eibar","Ath Bilbao",1,1,"D"
"467","21/10/2018","Huesca","Espanol",0,2,"A"
"468","21/10/2018","Vallecano","Getafe",1,2,"A"
"469","22/10/2018","Sociedad","Girona",0,0,"D"
"470","24/10/2018","Vallecano","Ath Bilbao",1,1,"D"
"471","26/10/2018","Valladolid","Espanol",1,1,"D"
"472","27/10/2018","Ath Bilbao","Valencia",0,0,"D"
"473","27/10/2018","Ath Madrid","Sociedad",2,0,"H"
"474","27/10/2018","Celta","Eibar",4,0,"H"
"475","27/10/2018","Girona","Vallecano",2,1,"H"
"476","27/10/2018","Levante","Leganes",2,0,"H"
"477","28/10/2018","Alaves","Villarreal",2,1,"H"
"478","28/10/2018","Barcelona","Real Madrid",5,1,"H"
"479","28/10/2018","Getafe","Betis",2,0,"H"
"480","28/10/2018","Sevilla","Huesca",2,1,"H"
"481","03/11/2018","Leganes","Ath Madrid",1,1,"D"
"482","03/11/2018","Real Madrid","Valladolid",2,0,"H"
"483","03/11/2018","Valencia","Girona",0,1,"A"
"484","03/11/2018","Vallecano","Barcelona",2,3,"A"
"485","04/11/2018","Betis","Celta",3,3,"D"
"486","04/11/2018","Eibar","Alaves",2,1,"H"
"487","04/11/2018","Huesca","Getafe",1,1,"D"
"488","04/11/2018","Sociedad","Sevilla",0,0,"D"
"489","04/11/2018","Villarreal","Levante",1,1,"D"
"490","05/11/2018","Espanol","Ath Bilbao",1,0,"H"
"491","09/11/2018","Levante","Sociedad",1,3,"A"
"492","10/11/2018","Ath Madrid","Ath Bilbao",3,2,"H"
"493","10/11/2018","Getafe","Valencia",0,1,"A"
"494","10/11/2018","Girona","Leganes",0,0,"D"
"495","10/11/2018","Valladolid","Eibar",0,0,"D"
"496","11/11/2018","Alaves","Huesca",2,1,"H"
"497","11/11/2018","Barcelona","Betis",3,4,"A"
"498","11/11/2018","Celta","Real Madrid",2,4,"A"
"499","11/11/2018","Sevilla","Espanol",2,1,"H"
"500","11/11/2018","Vallecano","Villarreal",2,2,"D"
"501","23/11/2018","Leganes","Alaves",1,0,"H"
"502","24/11/2018","Ath Madrid","Barcelona",1,1,"D"
"503","24/11/2018","Eibar","Real Madrid",3,0,"H"
"504","24/11/2018","Huesca","Levante",2,2,"D"
"505","24/11/2018","Valencia","Vallecano",3,0,"H"
"506","25/11/2018","Ath Bilbao","Getafe",1,1,"D"
"507","25/11/2018","Espanol","Girona",1,3,"A"
"508","25/11/2018","Sevilla","Valladolid",1,0,"H"
"509","25/11/2018","Villarreal","Betis",2,1,"H"
"510","26/11/2018","Sociedad","Celta",2,1,"H"
"511","30/11/2018","Vallecano","Eibar",1,0,"H"
"512","01/12/2018","Celta","Huesca",2,0,"H"
"513","01/12/2018","Getafe","Espanol",3,0,"H"
"514","01/12/2018","Real Madrid","Valencia",2,0,"H"
"515","01/12/2018","Valladolid","Leganes",2,4,"A"
"516","02/12/2018","Alaves","Sevilla",1,1,"D"
"517","02/12/2018","Barcelona","Villarreal",2,0,"H"
"518","02/12/2018","Betis","Sociedad",1,0,"H"
"519","02/12/2018","Girona","Ath Madrid",1,1,"D"
"520","03/12/2018","Levante","Ath Bilbao",3,0,"H"
"521","07/12/2018","Leganes","Getafe",1,1,"D"
"522","08/12/2018","Ath Madrid","Alaves",3,0,"H"
"523","08/12/2018","Espanol","Barcelona",0,4,"A"
"524","08/12/2018","Valencia","Sevilla",1,1,"D"
"525","08/12/2018","Villarreal","Celta",2,3,"A"
"526","09/12/2018","Betis","Vallecano",2,0,"H"
"527","09/12/2018","Eibar","Levante",4,4,"D"
"528","09/12/2018","Huesca","Real Madrid",0,1,"A"
"529","09/12/2018","Sociedad","Valladolid",1,2,"A"
"530","10/12/2018","Ath Bilbao","Girona",1,0,"H"
"531","14/12/2018","Celta","Leganes",0,0,"D"
"532","15/12/2018","Eibar","Valencia",1,1,"D"
"533","15/12/2018","Getafe","Sociedad",1,0,"H"
"534","15/12/2018","Real Madrid","Vallecano",1,0,"H"
"535","15/12/2018","Valladolid","Ath Madrid",2,3,"A"
"536","16/12/2018","Espanol","Betis",1,3,"A"
"537","16/12/2018","Huesca","Villarreal",2,2,"D"
"538","16/12/2018","Levante","Barcelona",0,5,"A"
"539","16/12/2018","Sevilla","Girona",2,0,"H"
"540","17/12/2018","Alaves","Ath Bilbao",0,0,"D"
"541","21/12/2018","Girona","Getafe",1,1,"D"
"542","21/12/2018","Sociedad","Alaves",0,1,"A"
"543","22/12/2018","Ath Bilbao","Valladolid",1,1,"D"
"544","22/12/2018","Ath Madrid","Espanol",1,0,"H"
"545","22/12/2018","Barcelona","Celta",2,0,"H"
"546","22/12/2018","Betis","Eibar",1,1,"D"
"547","23/12/2018","Leganes","Sevilla",1,1,"D"
"548","23/12/2018","Valencia","Huesca",2,1,"H"
"549","23/12/2018","Vallecano","Levante",2,1,"H"
"550","03/01/2019","Villarreal","Real Madrid",2,2,"D"
"551","04/01/2019","Espanol","Leganes",1,0,"H"
"552","04/01/2019","Levante","Girona",2,2,"D"
"553","05/01/2019","Alaves","Valencia",2,1,"H"
"554","05/01/2019","Huesca","Betis",2,1,"H"
"555","05/01/2019","Valladolid","Vallecano",0,1,"A"
"556","06/01/2019","Eibar","Villarreal",0,0,"D"
"557","06/01/2019","Getafe","Barcelona",1,2,"A"
"558","06/01/2019","Real Madrid","Sociedad",0,2,"A"
"559","06/01/2019","Sevilla","Ath Madrid",1,1,"D"
"560","07/01/2019","Celta","Ath Bilbao",1,2,"A"
"561","11/01/2019","Vallecano","Celta",4,2,"H"
"562","12/01/2019","Girona","Alaves",1,1,"D"
"563","12/01/2019","Leganes","Huesca",1,0,"H"
"564","12/01/2019","Valencia","Valladolid",1,1,"D"
"565","12/01/2019","Villarreal","Getafe",1,2,"A"
"566","13/01/2019","Ath Bilbao","Sevilla",2,0,"H"
"567","13/01/2019","Ath Madrid","Levante",1,0,"H"
"568","13/01/2019","Barcelona","Eibar",3,0,"H"
"569","13/01/2019","Betis","Real Madrid",1,2,"A"
"570","14/01/2019","Sociedad","Espanol",3,2,"H"
"571","18/01/2019","Getafe","Alaves",4,0,"H"
"572","19/01/2019","Celta","Valencia",1,2,"A"
"573","19/01/2019","Huesca","Ath Madrid",0,3,"A"
"574","19/01/2019","Real Madrid","Sevilla",2,0,"H"
"575","20/01/2019","Barcelona","Leganes",3,1,"H"
"576","20/01/2019","Betis","Girona",3,2,"H"
"577","20/01/2019","Levante","Valladolid",2,0,"H"
"578","20/01/2019","Vallecano","Sociedad",2,2,"D"
"579","20/01/2019","Villarreal","Ath Bilbao",1,1,"D"
"580","21/01/2019","Eibar","Espanol",3,0,"H"
"581","26/01/2019","Ath Madrid","Getafe",2,0,"H"
"582","26/01/2019","Leganes","Eibar",2,2,"D"
"583","26/01/2019","Sevilla","Levante",5,0,"H"
"584","26/01/2019","Valencia","Villarreal",3,0,"H"
"585","27/01/2019","Ath Bilbao","Betis",1,0,"H"
"586","27/01/2019","Espanol","Real Madrid",2,4,"A"
"587","27/01/2019","Girona","Barcelona",0,2,"A"
"588","27/01/2019","Sociedad","Huesca",0,0,"D"
"589","27/01/2019","Valladolid","Celta",2,1,"H"
"590","28/01/2019","Alaves","Vallecano",0,1,"A"
"591","01/02/2019","Huesca","Valladolid",4,0,"H"
"592","02/02/2019","Barcelona","Valencia",2,2,"D"
"593","02/02/2019","Celta","Sevilla",1,0,"H"
"594","02/02/2019","Levante","Getafe",0,0,"D"
"595","02/02/2019","Sociedad","Ath Bilbao",2,1,"H"
"596","03/02/2019","Betis","Ath Madrid",1,0,"H"
"597","03/02/2019","Eibar","Girona",3,0,"H"
"598","03/02/2019","Real Madrid","Alaves",3,0,"H"
"599","03/02/2019","Villarreal","Espanol",2,2,"D"
"600","04/02/2019","Vallecano","Leganes",1,2,"A"
"601","08/02/2019","Valladolid","Villarreal",0,0,"D"
"602","09/02/2019","Ath Madrid","Real Madrid",1,3,"A"
"603","09/02/2019","Espanol","Vallecano",2,1,"H"
"604","09/02/2019","Getafe","Celta",3,1,"H"
"605","09/02/2019","Girona","Huesca",0,2,"A"
"606","10/02/2019","Ath Bilbao","Barcelona",0,0,"D"
"607","10/02/2019","Leganes","Betis",3,0,"H"
"608","10/02/2019","Sevilla","Eibar",2,2,"D"
"609","10/02/2019","Valencia","Sociedad",0,0,"D"
"610","11/02/2019","Alaves","Levante",2,0,"H"
"611","15/02/2019","Eibar","Getafe",2,2,"D"
"612","16/02/2019","Barcelona","Valladolid",1,0,"H"
"613","16/02/2019","Celta","Levante",1,4,"A"
"614","16/02/2019","Sociedad","Leganes",3,0,"H"
"615","16/02/2019","Vallecano","Ath Madrid",0,1,"A"
"616","17/02/2019","Betis","Alaves",1,1,"D"
"617","17/02/2019","Real Madrid","Girona",1,2,"A"
"618","17/02/2019","Valencia","Espanol",0,0,"D"
"619","17/02/2019","Villarreal","Sevilla",3,0,"H"
"620","18/02/2019","Huesca","Ath Bilbao",0,1,"A"
"621","22/02/2019","Espanol","Huesca",1,1,"D"
"622","23/02/2019","Alaves","Celta",0,0,"D"
"623","23/02/2019","Ath Bilbao","Eibar",1,0,"H"
"624","23/02/2019","Getafe","Vallecano",2,1,"H"
"625","23/02/2019","Sevilla","Barcelona",2,4,"A"
"626","24/02/2019","Ath Madrid","Villarreal",2,0,"H"
"627","24/02/2019","Leganes","Valencia",1,1,"D"
"628","24/02/2019","Levante","Real Madrid",1,2,"A"
"629","24/02/2019","Valladolid","Betis",0,2,"A"
"630","25/02/2019","Girona","Sociedad",0,0,"D"
"631","01/03/2019","Vallecano","Girona",0,2,"A"
"632","02/03/2019","Espanol","Valladolid",3,1,"H"
"633","02/03/2019","Huesca","Sevilla",2,1,"H"
"634","02/03/2019","Real Madrid","Barcelona",0,1,"A"
"635","02/03/2019","Villarreal","Alaves",1,2,"A"
"636","03/03/2019","Betis","Getafe",1,2,"A"
"637","03/03/2019","Eibar","Celta",1,0,"H"
"638","03/03/2019","Sociedad","Ath Madrid",0,2,"A"
"639","03/03/2019","Valencia","Ath Bilbao",2,0,"H"
"640","04/03/2019","Leganes","Levante",1,0,"H"
"641","08/03/2019","Ath Bilbao","Espanol",1,1,"D"
"642","09/03/2019","Alaves","Eibar",1,1,"D"
"643","09/03/2019","Ath Madrid","Leganes",1,0,"H"
"644","09/03/2019","Barcelona","Vallecano",3,1,"H"
"645","09/03/2019","Getafe","Huesca",2,1,"H"
"646","10/03/2019","Celta","Betis",0,1,"A"
"647","10/03/2019","Girona","Valencia",2,3,"A"
"648","10/03/2019","Levante","Villarreal",0,2,"A"
"649","10/03/2019","Sevilla","Sociedad",5,2,"H"
"650","10/03/2019","Valladolid","Real Madrid",1,4,"A"
"651","15/03/2019","Sociedad","Levante",1,1,"D"
"652","16/03/2019","Ath Bilbao","Ath Madrid",2,0,"H"
"653","16/03/2019","Huesca","Alaves",1,3,"A"
"654","16/03/2019","Leganes","Girona",0,2,"A"
"655","16/03/2019","Real Madrid","Celta",2,0,"H"
"656","17/03/2019","Betis","Barcelona",1,4,"A"
"657","17/03/2019","Eibar","Valladolid",1,2,"A"
"658","17/03/2019","Espanol","Sevilla",0,1,"A"
"659","17/03/2019","Valencia","Getafe",0,0,"D"
"660","17/03/2019","Villarreal","Vallecano",3,1,"H"
"661","29/03/2019","Girona","Ath Bilbao",1,2,"A"
"662","30/03/2019","Alaves","Ath Madrid",0,4,"A"
"663","30/03/2019","Barcelona","Espanol",2,0,"H"
"664","30/03/2019","Celta","Villarreal",3,2,"H"
"665","30/03/2019","Getafe","Leganes",0,2,"A"
"666","31/03/2019","Levante","Eibar",2,2,"D"
"667","31/03/2019","Real Madrid","Huesca",3,2,"H"
"668","31/03/2019","Sevilla","Valencia",0,1,"A"
"669","31/03/2019","Valladolid","Sociedad",1,1,"D"
"670","31/03/2019","Vallecano","Betis",1,1,"D"
"671","02/04/2019","Ath Madrid","Girona",2,0,"H"
"672","02/04/2019","Espanol","Getafe",1,1,"D"
"673","02/04/2019","Villarreal","Barcelona",4,4,"D"
"674","03/04/2019","Ath Bilbao","Levante",3,2,"H"
"675","03/04/2019","Eibar","Vallecano",2,1,"H"
"676","03/04/2019","Huesca","Celta",3,3,"D"
"677","03/04/2019","Valencia","Real Madrid",2,1,"H"
"678","04/04/2019","Leganes","Valladolid",1,0,"H"
"679","04/04/2019","Sevilla","Alaves",2,0,"H"
"680","04/04/2019","Sociedad","Betis",2,1,"H"
"681","06/04/2019","Barcelona","Ath Madrid",2,0,"H"
"682","06/04/2019","Girona","Espanol",1,2,"A"
"683","06/04/2019","Real Madrid","Eibar",2,1,"H"
"684","06/04/2019","Vallecano","Valencia",2,0,"H"
"685","07/04/2019","Alaves","Leganes",1,1,"D"
"686","07/04/2019","Betis","Villarreal",2,1,"H"
"687","07/04/2019","Celta","Sociedad",3,1,"H"
"688","07/04/2019","Getafe","Ath Bilbao",1,0,"H"
"689","07/04/2019","Levante","Huesca",2,2,"D"
"690","07/04/2019","Valladolid","Sevilla",0,2,"A"
"691","13/04/2019","Ath Madrid","Celta",2,0,"H"
"692","13/04/2019","Espanol","Alaves",2,1,"H"
"693","13/04/2019","Huesca","Barcelona",0,0,"D"
"694","13/04/2019","Sevilla","Betis",3,2,"H"
"695","14/04/2019","Ath Bilbao","Vallecano",3,2,"H"
"696","14/04/2019","Girona","Villarreal",0,1,"A"
"697","14/04/2019","Sociedad","Eibar",1,1,"D"
"698","14/04/2019","Valencia","Levante",3,1,"H"
"699","14/04/2019","Valladolid","Getafe",2,2,"D"
"700","15/04/2019","Leganes","Real Madrid",1,1,"D"
"701","19/04/2019","Alaves","Valladolid",2,2,"D"
"702","20/04/2019","Barcelona","Sociedad",2,1,"H"
"703","20/04/2019","Celta","Girona",2,1,"H"
"704","20/04/2019","Eibar","Ath Madrid",0,1,"A"
"705","20/04/2019","Vallecano","Huesca",0,0,"D"
"706","21/04/2019","Betis","Valencia",1,2,"A"
"707","21/04/2019","Getafe","Sevilla",3,0,"H"
"708","21/04/2019","Levante","Espanol",2,2,"D"
"709","21/04/2019","Real Madrid","Ath Bilbao",3,0,"H"
"710","21/04/2019","Villarreal","Leganes",2,1,"H"
"711","23/04/2019","Alaves","Barcelona",0,2,"A"
"712","23/04/2019","Huesca","Eibar",2,0,"H"
"713","23/04/2019","Valladolid","Girona",1,0,"H"
"714","24/04/2019","Ath Madrid","Valencia",3,2,"H"
"715","24/04/2019","Espanol","Celta",1,1,"D"
"716","24/04/2019","Leganes","Ath Bilbao",0,1,"A"
"717","24/04/2019","Levante","Betis",4,0,"H"
"718","25/04/2019","Getafe","Real Madrid",0,0,"D"
"719","25/04/2019","Sevilla","Vallecano",5,0,"H"
"720","25/04/2019","Sociedad","Villarreal",0,1,"A"
"721","27/04/2019","Ath Bilbao","Alaves",1,1,"D"
"722","27/04/2019","Ath Madrid","Valladolid",1,0,"H"
"723","27/04/2019","Barcelona","Levante",1,0,"H"
"724","27/04/2019","Leganes","Celta",0,0,"D"
"725","28/04/2019","Girona","Sevilla",1,0,"H"
"726","28/04/2019","Sociedad","Getafe",2,1,"H"
"727","28/04/2019","Valencia","Eibar",0,1,"A"
"728","28/04/2019","Vallecano","Real Madrid",1,0,"H"
"729","28/04/2019","Villarreal","Huesca",1,1,"D"
"730","29/04/2019","Betis","Espanol",1,1,"D"
"731","03/05/2019","Sevilla","Leganes",0,3,"A"
"732","04/05/2019","Alaves","Sociedad",0,1,"A"
"733","04/05/2019","Celta","Barcelona",2,0,"H"
"734","04/05/2019","Espanol","Ath Madrid",3,0,"H"
"735","04/05/2019","Levante","Vallecano",4,1,"H"
"736","05/05/2019","Eibar","Betis",1,0,"H"
"737","05/05/2019","Getafe","Girona",2,0,"H"
"738","05/05/2019","Huesca","Valencia",2,6,"A"
"739","05/05/2019","Real Madrid","Villarreal",3,2,"H"
"740","05/05/2019","Valladolid","Ath Bilbao",1,0,"H"
"741","12/05/2019","Ath Bilbao","Celta",3,1,"H"
"742","12/05/2019","Ath Madrid","Sevilla",1,1,"D"
"743","12/05/2019","Barcelona","Getafe",2,0,"H"
"744","12/05/2019","Betis","Huesca",2,1,"H"
"745","12/05/2019","Girona","Levante",1,2,"A"
"746","12/05/2019","Leganes","Espanol",0,2,"A"
"747","12/05/2019","Sociedad","Real Madrid",3,1,"H"
"748","12/05/2019","Valencia","Alaves",3,1,"H"
"749","12/05/2019","Vallecano","Valladolid",1,2,"A"
"750","12/05/2019","Villarreal","Eibar",1,0,"H"
"751","18/05/2019","Alaves","Girona",2,1,"H"
"752","18/05/2019","Celta","Vallecano",2,2,"D"
"753","18/05/2019","Espanol","Sociedad",2,0,"H"
"754","18/05/2019","Getafe","Villarreal",2,2,"D"
"755","18/05/2019","Huesca","Leganes",2,1,"H"
"756","18/05/2019","Levante","Ath Madrid",2,2,"D"
"757","18/05/2019","Sevilla","Ath Bilbao",2,0,"H"
"758","18/05/2019","Valladolid","Valencia",0,2,"A"
"759","19/05/2019","Eibar","Barcelona",2,2,"D"
"760","19/05/2019","Real Madrid","Betis",0,2,"A"
"761","16/08/2019","Ath Bilbao","Barcelona",1,0,"H"
"762","17/08/2019","Celta","Real Madrid",1,3,"A"
"763","17/08/2019","Valencia","Sociedad",1,1,"D"
"764","17/08/2019","Mallorca","Eibar",2,1,"H"
"765","17/08/2019","Leganes","Osasuna",0,1,"A"
"766","17/08/2019","Villarreal","Granada",4,4,"D"
"767","18/08/2019","Alaves","Levante",1,0,"H"
"768","18/08/2019","Espanol","Sevilla",0,2,"A"
"769","18/08/2019","Betis","Valladolid",1,2,"A"
"770","18/08/2019","Ath Madrid","Getafe",1,0,"H"
"771","23/08/2019","Granada","Sevilla",0,1,"A"
"772","23/08/2019","Levante","Villarreal",2,1,"H"
"773","24/08/2019","Osasuna","Eibar",0,0,"D"
"774","24/08/2019","Real Madrid","Valladolid",1,1,"D"
"775","24/08/2019","Celta","Valencia",1,0,"H"
"776","24/08/2019","Getafe","Ath Bilbao",1,1,"D"
"777","25/08/2019","Alaves","Espanol",0,0,"D"
"778","25/08/2019","Mallorca","Sociedad",0,1,"A"
"779","25/08/2019","Leganes","Ath Madrid",0,1,"A"
"780","25/08/2019","Barcelona","Betis",5,2,"H"
"781","30/08/2019","Sevilla","Celta",1,1,"D"
"782","30/08/2019","Ath Bilbao","Sociedad",2,0,"H"
"783","31/08/2019","Osasuna","Barcelona",2,2,"D"
"784","31/08/2019","Getafe","Alaves",1,1,"D"
"785","31/08/2019","Levante","Valladolid",2,0,"H"
"786","31/08/2019","Betis","Leganes",2,1,"H"
"787","01/09/2019","Valencia","Mallorca",2,0,"H"
"788","01/09/2019","Ath Madrid","Eibar",3,2,"H"
"789","01/09/2019","Espanol","Granada",0,3,"A"
"790","01/09/2019","Villarreal","Real Madrid",2,2,"D"
"791","13/09/2019","Mallorca","Ath Bilbao",0,0,"D"
"792","14/09/2019","Real Madrid","Levante",3,2,"H"
"793","14/09/2019","Leganes","Villarreal",0,3,"A"
"794","14/09/2019","Sociedad","Ath Madrid",2,0,"H"
"795","14/09/2019","Barcelona","Valencia",5,2,"H"
"796","15/09/2019","Eibar","Espanol",1,2,"A"
"797","15/09/2019","Alaves","Sevilla",0,1,"A"
"798","15/09/2019","Celta","Granada",0,2,"A"
"799","15/09/2019","Valladolid","Osasuna",1,1,"D"
"800","15/09/2019","Betis","Getafe",1,1,"D"
"801","20/09/2019","Osasuna","Betis",0,0,"D"
"802","21/09/2019","Villarreal","Valladolid",2,0,"H"
"803","21/09/2019","Levante","Eibar",0,0,"D"
"804","21/09/2019","Ath Madrid","Celta",0,0,"D"
"805","21/09/2019","Granada","Barcelona",2,0,"H"
"806","22/09/2019","Getafe","Mallorca",4,2,"H"
"807","22/09/2019","Espanol","Sociedad",1,3,"A"
"808","22/09/2019","Valencia","Leganes",1,1,"D"
"809","22/09/2019","Ath Bilbao","Alaves",2,0,"H"
"810","22/09/2019","Sevilla","Real Madrid",0,1,"A"
"811","24/09/2019","Valladolid","Granada",1,1,"D"
"812","24/09/2019","Betis","Levante",3,1,"H"
"813","24/09/2019","Barcelona","Villarreal",2,1,"H"
"814","25/09/2019","Leganes","Ath Bilbao",1,1,"D"
"815","25/09/2019","Mallorca","Ath Madrid",0,2,"A"
"816","25/09/2019","Valencia","Getafe",3,3,"D"
"817","25/09/2019","Real Madrid","Osasuna",2,0,"H"
"818","26/09/2019","Eibar","Sevilla",3,2,"H"
"819","26/09/2019","Celta","Espanol",1,1,"D"
"820","26/09/2019","Sociedad","Alaves",3,0,"H"
"821","27/09/2019","Villarreal","Betis",5,1,"H"
"822","28/09/2019","Ath Bilbao","Valencia",0,1,"A"
"823","28/09/2019","Getafe","Barcelona",0,2,"A"
"824","28/09/2019","Granada","Leganes",1,0,"H"
"825","28/09/2019","Ath Madrid","Real Madrid",0,0,"D"
"826","29/09/2019","Espanol","Valladolid",0,2,"A"
"827","29/09/2019","Eibar","Celta",2,0,"H"
"828","29/09/2019","Alaves","Mallorca",2,0,"H"
"829","29/09/2019","Levante","Osasuna",1,1,"D"
"830","29/09/2019","Sevilla","Sociedad",3,2,"H"
"831","04/10/2019","Betis","Eibar",1,1,"D"
"832","05/10/2019","Leganes","Levante",1,2,"A"
"833","05/10/2019","Real Madrid","Granada",4,2,"H"
"834","05/10/2019","Valencia","Alaves",2,1,"H"
"835","05/10/2019","Osasuna","Villarreal",2,1,"H"
"836","06/10/2019","Mallorca","Espanol",2,0,"H"
"837","06/10/2019","Celta","Ath Bilbao",1,0,"H"
"838","06/10/2019","Valladolid","Ath Madrid",0,0,"D"
"839","06/10/2019","Sociedad","Getafe",1,2,"A"
"840","06/10/2019","Barcelona","Sevilla",4,0,"H"
"841","18/10/2019","Granada","Osasuna",1,0,"H"
"842","19/10/2019","Eibar","Barcelona",0,3,"A"
"843","19/10/2019","Ath Madrid","Valencia",1,1,"D"
"844","19/10/2019","Getafe","Leganes",2,0,"H"
"845","19/10/2019","Mallorca","Real Madrid",1,0,"H"
"846","20/10/2019","Alaves","Celta",2,0,"H"
"847","20/10/2019","Sociedad","Betis",3,1,"H"
"848","20/10/2019","Espanol","Villarreal",0,1,"A"
"849","20/10/2019","Ath Bilbao","Valladolid",1,1,"D"
"850","20/10/2019","Sevilla","Levante",1,0,"H"
"851","25/10/2019","Villarreal","Alaves",4,1,"H"
"852","26/10/2019","Leganes","Mallorca",1,0,"H"
"853","26/10/2019","Valladolid","Eibar",2,0,"H"
"854","26/10/2019","Ath Madrid","Ath Bilbao",2,0,"H"
"855","27/10/2019","Celta","Sociedad",0,1,"A"
"856","27/10/2019","Granada","Betis",1,0,"H"
"857","27/10/2019","Levante","Espanol",0,1,"A"
"858","27/10/2019","Sevilla","Getafe",2,0,"H"
"859","27/10/2019","Osasuna","Valencia",3,1,"H"
"860","29/10/2019","Alaves","Ath Madrid",1,1,"D"
"861","29/10/2019","Barcelona","Valladolid",5,1,"H"
"862","30/10/2019","Sociedad","Levante",1,2,"A"
"863","30/10/2019","Valencia","Sevilla",1,1,"D"
"864","30/10/2019","Ath Bilbao","Espanol",3,0,"H"
"865","30/10/2019","Betis","Celta",2,1,"H"
"866","30/10/2019","Real Madrid","Leganes",5,0,"H"
"867","31/10/2019","Eibar","Villarreal",2,1,"H"
"868","31/10/2019","Mallorca","Osasuna",2,2,"D"
"869","31/10/2019","Getafe","Granada",3,1,"H"
"870","02/11/2019","Espanol","Valencia",1,2,"A"
"871","02/11/2019","Levante","Barcelona",3,1,"H"
"872","02/11/2019","Sevilla","Ath Madrid",1,1,"D"
"873","02/11/2019","Real Madrid","Betis",0,0,"D"
"874","03/11/2019","Valladolid","Mallorca",3,0,"H"
"875","03/11/2019","Villarreal","Ath Bilbao",0,0,"D"
"876","03/11/2019","Osasuna","Alaves",4,2,"H"
"877","03/11/2019","Celta","Getafe",0,1,"A"
"878","03/11/2019","Leganes","Eibar",1,2,"A"
"879","03/11/2019","Granada","Sociedad",1,2,"A"
"880","08/11/2019","Sociedad","Leganes",1,1,"D"
"881","09/11/2019","Alaves","Valladolid",3,0,"H"
"882","09/11/2019","Valencia","Granada",2,0,"H"
"883","09/11/2019","Eibar","Real Madrid",0,4,"A"
"884","09/11/2019","Barcelona","Celta",4,1,"H"
"885","10/11/2019","Mallorca","Villarreal",3,1,"H"
"886","10/11/2019","Ath Bilbao","Levante",2,1,"H"
"887","10/11/2019","Ath Madrid","Espanol",3,1,"H"
"888","10/11/2019","Getafe","Osasuna",0,0,"D"
"889","10/11/2019","Betis","Sevilla",1,2,"A"
"890","22/11/2019","Levante","Mallorca",2,1,"H"
"891","23/11/2019","Leganes","Barcelona",1,2,"A"
"892","23/11/2019","Betis","Valencia",2,1,"H"
"893","23/11/2019","Granada","Ath Madrid",1,1,"D"
"894","23/11/2019","Real Madrid","Sociedad",3,1,"H"
"895","24/11/2019","Espanol","Getafe",1,1,"D"
"896","24/11/2019","Osasuna","Ath Bilbao",1,2,"A"
"897","24/11/2019","Eibar","Alaves",0,2,"A"
"898","24/11/2019","Villarreal","Celta",1,3,"A"
"899","24/11/2019","Valladolid","Sevilla",0,1,"A"
"900","29/11/2019","Celta","Valladolid",0,0,"D"
"901","30/11/2019","Alaves","Real Madrid",1,2,"A"
"902","30/11/2019","Sociedad","Eibar",4,1,"H"
"903","30/11/2019","Mallorca","Betis",1,2,"A"
"904","30/11/2019","Valencia","Villarreal",2,1,"H"
"905","01/12/2019","Sevilla","Leganes",1,0,"H"
"906","01/12/2019","Ath Bilbao","Granada",2,0,"H"
"907","01/12/2019","Espanol","Osasuna",2,4,"A"
"908","01/12/2019","Getafe","Levante",4,0,"H"
"909","01/12/2019","Ath Madrid","Barcelona",0,1,"A"
"910","06/12/2019","Villarreal","Ath Madrid",0,0,"D"
"911","07/12/2019","Real Madrid","Espanol",2,0,"H"
"912","07/12/2019","Granada","Alaves",3,0,"H"
"913","07/12/2019","Levante","Valencia",2,4,"A"
"914","07/12/2019","Barcelona","Mallorca",5,2,"H"
"915","08/12/2019","Eibar","Getafe",0,1,"A"
"916","08/12/2019","Betis","Ath Bilbao",3,2,"H"
"917","08/12/2019","Valladolid","Sociedad",0,0,"D"
"918","08/12/2019","Leganes","Celta",3,2,"H"
"919","08/12/2019","Osasuna","Sevilla",1,1,"D"
"920","13/12/2019","Alaves","Leganes",1,1,"D"
"921","14/12/2019","Granada","Levante",1,2,"A"
"922","14/12/2019","Sociedad","Barcelona",2,2,"D"
"923","14/12/2019","Ath Bilbao","Eibar",0,0,"D"
"924","14/12/2019","Ath Madrid","Osasuna",2,0,"H"
"925","15/12/2019","Getafe","Valladolid",2,0,"H"
"926","15/12/2019","Celta","Mallorca",2,2,"D"
"927","15/12/2019","Espanol","Betis",2,2,"D"
"928","15/12/2019","Sevilla","Villarreal",1,2,"A"
"929","15/12/2019","Valencia","Real Madrid",1,1,"D"
"930","18/12/2019","Barcelona","Real Madrid",0,0,"D"
"931","20/12/2019","Eibar","Granada",3,0,"H"
"932","21/12/2019","Mallorca","Sevilla",0,2,"A"
"933","21/12/2019","Barcelona","Alaves",4,1,"H"
"934","21/12/2019","Villarreal","Getafe",1,0,"H"
"935","21/12/2019","Valladolid","Valencia",1,1,"D"
"936","22/12/2019","Leganes","Espanol",2,0,"H"
"937","22/12/2019","Osasuna","Sociedad",3,4,"A"
"938","22/12/2019","Betis","Ath Madrid",1,2,"A"
"939","22/12/2019","Levante","Celta",3,1,"H"
"940","22/12/2019","Real Madrid","Ath Bilbao",0,0,"D"
"941","03/01/2020","Valladolid","Leganes",2,2,"D"
"942","03/01/2020","Sevilla","Ath Bilbao",1,1,"D"
"943","04/01/2020","Valencia","Eibar",1,0,"H"
"944","04/01/2020","Getafe","Real Madrid",0,3,"A"
"945","04/01/2020","Ath Madrid","Levante",2,1,"H"
"946","04/01/2020","Espanol","Barcelona",2,2,"D"
"947","05/01/2020","Granada","Mallorca",1,0,"H"
"948","05/01/2020","Sociedad","Villarreal",1,2,"A"
"949","05/01/2020","Alaves","Betis",1,1,"D"
"950","05/01/2020","Celta","Osasuna",1,1,"D"
"951","17/01/2020","Leganes","Getafe",0,3,"A"
"952","18/01/2020","Levante","Alaves",0,1,"A"
"953","18/01/2020","Real Madrid","Sevilla",2,1,"H"
"954","18/01/2020","Osasuna","Valladolid",0,0,"D"
"955","18/01/2020","Eibar","Ath Madrid",2,0,"H"
"956","19/01/2020","Mallorca","Valencia",4,1,"H"
"957","19/01/2020","Betis","Sociedad",3,0,"H"
"958","19/01/2020","Villarreal","Espanol",1,2,"A"
"959","19/01/2020","Ath Bilbao","Celta",1,1,"D"
"960","19/01/2020","Barcelona","Granada",1,0,"H"
"961","24/01/2020","Osasuna","Levante",2,0,"H"
"962","25/01/2020","Espanol","Ath Bilbao",1,1,"D"
"963","25/01/2020","Valencia","Barcelona",2,0,"H"
"964","25/01/2020","Alaves","Villarreal",1,2,"A"
"965","25/01/2020","Sevilla","Granada",2,0,"H"
"966","26/01/2020","Ath Madrid","Leganes",0,0,"D"
"967","26/01/2020","Celta","Eibar",0,0,"D"
"968","26/01/2020","Getafe","Betis",1,0,"H"
"969","26/01/2020","Sociedad","Mallorca",3,0,"H"
"970","26/01/2020","Valladolid","Real Madrid",0,1,"A"
"971","01/02/2020","Granada","Espanol",2,1,"H"
"972","01/02/2020","Real Madrid","Ath Madrid",1,0,"H"
"973","01/02/2020","Mallorca","Valladolid",0,1,"A"
"974","01/02/2020","Valencia","Celta",1,0,"H"
"975","02/02/2020","Leganes","Sociedad",2,1,"H"
"976","02/02/2020","Eibar","Betis",1,1,"D"
"977","02/02/2020","Ath Bilbao","Getafe",0,2,"A"
"978","02/02/2020","Sevilla","Alaves",1,1,"D"
"979","02/02/2020","Villarreal","Osasuna",3,1,"H"
"980","02/02/2020","Barcelona","Levante",2,1,"H"
"981","07/02/2020","Alaves","Eibar",2,1,"H"
"982","08/02/2020","Levante","Leganes",2,0,"H"
"983","08/02/2020","Getafe","Valencia",3,0,"H"
"984","08/02/2020","Valladolid","Villarreal",1,1,"D"
"985","08/02/2020","Ath Madrid","Granada",1,0,"H"
"986","09/02/2020","Espanol","Mallorca",1,0,"H"
"987","09/02/2020","Sociedad","Ath Bilbao",2,1,"H"
"988","09/02/2020","Osasuna","Real Madrid",1,4,"A"
"989","09/02/2020","Celta","Sevilla",2,1,"H"
"990","09/02/2020","Betis","Barcelona",2,3,"A"
"991","14/02/2020","Valencia","Ath Madrid",2,2,"D"
"992","15/02/2020","Mallorca","Alaves",1,0,"H"
"993","15/02/2020","Barcelona","Getafe",2,1,"H"
"994","15/02/2020","Villarreal","Levante",2,1,"H"
"995","15/02/2020","Granada","Valladolid",2,1,"H"
"996","16/02/2020","Sevilla","Espanol",2,2,"D"
"997","16/02/2020","Leganes","Betis",0,0,"D"
"998","16/02/2020","Ath Bilbao","Osasuna",0,1,"A"
"999","16/02/2020","Real Madrid","Celta",2,2,"D"
"1000","21/02/2020","Betis","Mallorca",3,3,"D"
"1001","22/02/2020","Celta","Leganes",1,0,"H"
"1002","22/02/2020","Barcelona","Eibar",5,0,"H"
"1003","22/02/2020","Sociedad","Valencia",3,0,"H"
"1004","22/02/2020","Levante","Real Madrid",1,0,"H"
"1005","23/02/2020","Osasuna","Granada",0,3,"A"
"1006","23/02/2020","Alaves","Ath Bilbao",2,1,"H"
"1007","23/02/2020","Valladolid","Espanol",2,1,"H"
"1008","23/02/2020","Getafe","Sevilla",0,3,"A"
"1009","23/02/2020","Ath Madrid","Villarreal",3,1,"H"
"1010","28/02/2020","Sociedad","Valladolid",1,0,"H"
"1011","29/02/2020","Eibar","Levante",3,0,"H"
"1012","29/02/2020","Valencia","Betis",2,1,"H"
"1013","29/02/2020","Leganes","Alaves",1,1,"D"
"1014","29/02/2020","Granada","Celta",0,0,"D"
"1015","01/03/2020","Sevilla","Osasuna",3,2,"H"
"1016","01/03/2020","Ath Bilbao","Villarreal",1,0,"H"
"1017","01/03/2020","Espanol","Ath Madrid",1,1,"D"
"1018","01/03/2020","Mallorca","Getafe",0,1,"A"
"1019","01/03/2020","Real Madrid","Barcelona",2,0,"H"
"1020","06/03/2020","Alaves","Valencia",1,1,"D"
"1021","07/03/2020","Eibar","Mallorca",1,2,"A"
"1022","07/03/2020","Ath Madrid","Sevilla",2,2,"D"
"1023","07/03/2020","Barcelona","Sociedad",1,0,"H"
"1024","07/03/2020","Getafe","Celta",0,0,"D"
"1025","08/03/2020","Osasuna","Espanol",1,0,"H"
"1026","08/03/2020","Valladolid","Ath Bilbao",1,4,"A"
"1027","08/03/2020","Levante","Granada",1,1,"D"
"1028","08/03/2020","Villarreal","Leganes",1,2,"A"
"1029","08/03/2020","Betis","Real Madrid",2,1,"H"
"1030","10/03/2020","Eibar","Sociedad",1,2,"A"
"1031","11/06/2020","Sevilla","Betis",2,0,"H"
"1032","12/06/2020","Granada","Getafe",2,1,"H"
"1033","12/06/2020","Valencia","Levante",1,1,"D"
"1034","13/06/2020","Espanol","Alaves",2,0,"H"
"1035","13/06/2020","Celta","Villarreal",0,1,"A"
"1036","13/06/2020","Leganes","Valladolid",1,2,"A"
"1037","13/06/2020","Mallorca","Barcelona",0,4,"A"
"1038","14/06/2020","Ath Bilbao","Ath Madrid",1,1,"D"
"1039","14/06/2020","Real Madrid","Eibar",3,1,"H"
"1040","14/06/2020","Sociedad","Osasuna",1,1,"D"
"1041","15/06/2020","Levante","Sevilla",1,1,"D"
"1042","15/06/2020","Betis","Granada",2,2,"D"
"1043","16/06/2020","Getafe","Espanol",0,0,"D"
"1044","16/06/2020","Villarreal","Mallorca",1,0,"H"
"1045","16/06/2020","Barcelona","Leganes",2,0,"H"
"1046","17/06/2020","Eibar","Ath Bilbao",2,2,"D"
"1047","17/06/2020","Valladolid","Celta",0,0,"D"
"1048","17/06/2020","Osasuna","Ath Madrid",0,5,"A"
"1049","18/06/2020","Alaves","Sociedad",2,0,"H"
"1050","18/06/2020","Real Madrid","Valencia",3,0,"H"
"1051","19/06/2020","Granada","Villarreal",0,1,"A"
"1052","19/06/2020","Mallorca","Leganes",1,1,"D"
"1053","19/06/2020","Sevilla","Barcelona",0,0,"D"
"1054","20/06/2020","Espanol","Levante",1,3,"A"
"1055","20/06/2020","Ath Bilbao","Betis",1,0,"H"
"1056","20/06/2020","Getafe","Eibar",1,1,"D"
"1057","20/06/2020","Ath Madrid","Valladolid",1,0,"H"
"1058","21/06/2020","Celta","Alaves",6,0,"H"
"1059","21/06/2020","Valencia","Osasuna",2,0,"H"
"1060","21/06/2020","Sociedad","Real Madrid",1,2,"A"
"1061","22/06/2020","Villarreal","Sevilla",2,2,"D"
"1062","22/06/2020","Leganes","Granada",0,0,"D"
"1063","23/06/2020","Levante","Ath Madrid",0,1,"A"
"1064","23/06/2020","Valladolid","Getafe",1,1,"D"
"1065","23/06/2020","Barcelona","Ath Bilbao",1,0,"H"
"1066","24/06/2020","Alaves","Osasuna",0,1,"A"
"1067","24/06/2020","Sociedad","Celta",0,1,"A"
"1068","24/06/2020","Real Madrid","Mallorca",2,0,"H"
"1069","25/06/2020","Eibar","Valencia",1,0,"H"
"1070","25/06/2020","Betis","Espanol",1,0,"H"
"1071","26/06/2020","Sevilla","Valladolid",1,1,"D"
"1072","27/06/2020","Ath Bilbao","Mallorca",3,1,"H"
"1073","27/06/2020","Celta","Barcelona",2,2,"D"
"1074","27/06/2020","Osasuna","Leganes",2,1,"H"
"1075","27/06/2020","Ath Madrid","Alaves",2,1,"H"
"1076","28/06/2020","Levante","Betis",4,2,"H"
"1077","28/06/2020","Villarreal","Valencia",2,0,"H"
"1078","28/06/2020","Granada","Eibar",1,2,"A"
"1079","28/06/2020","Espanol","Real Madrid",0,1,"A"
"1080","29/06/2020","Getafe","Sociedad",2,1,"H"
"1081","30/06/2020","Mallorca","Celta",5,1,"H"
"1082","30/06/2020","Leganes","Sevilla",0,3,"A"
"1083","30/06/2020","Barcelona","Ath Madrid",2,2,"D"
"1084","01/07/2020","Alaves","Granada",0,2,"A"
"1085","01/07/2020","Valencia","Ath Bilbao",0,2,"A"
"1086","01/07/2020","Betis","Villarreal",0,2,"A"
"1087","01/07/2020","Valladolid","Levante",0,0,"D"
"1088","02/07/2020","Eibar","Osasuna",0,2,"A"
"1089","02/07/2020","Sociedad","Espanol",2,1,"H"
"1090","02/07/2020","Real Madrid","Getafe",1,0,"H"
"1091","03/07/2020","Ath Madrid","Mallorca",3,0,"H"
"1092","04/07/2020","Celta","Betis",1,1,"D"
"1093","04/07/2020","Valladolid","Alaves",1,0,"H"
"1094","04/07/2020","Granada","Valencia",2,2,"D"
"1095","05/07/2020","Ath Bilbao","Real Madrid",0,1,"A"
"1096","05/07/2020","Espanol","Leganes",0,1,"A"
"1097","05/07/2020","Osasuna","Getafe",0,0,"D"
"1098","05/07/2020","Villarreal","Barcelona",1,4,"A"
"1099","06/07/2020","Levante","Sociedad",1,1,"D"
"1100","06/07/2020","Sevilla","Eibar",1,0,"H"
"1101","07/07/2020","Valencia","Valladolid",2,1,"H"
"1102","07/07/2020","Celta","Ath Madrid",1,1,"D"
"1103","08/07/2020","Betis","Osasuna",3,0,"H"
"1104","08/07/2020","Getafe","Villarreal",1,3,"A"
"1105","08/07/2020","Barcelona","Espanol",1,0,"H"
"1106","09/07/2020","Eibar","Leganes",0,0,"D"
"1107","09/07/2020","Mallorca","Levante",2,0,"H"
"1108","09/07/2020","Ath Bilbao","Sevilla",1,2,"A"
"1109","10/07/2020","Sociedad","Granada",2,3,"A"
"1110","10/07/2020","Real Madrid","Alaves",2,0,"H"
"1111","11/07/2020","Osasuna","Celta",2,1,"H"
"1112","11/07/2020","Valladolid","Barcelona",0,1,"A"
"1113","11/07/2020","Ath Madrid","Betis",1,0,"H"
"1114","12/07/2020","Espanol","Eibar",0,2,"A"
"1115","12/07/2020","Levante","Ath Bilbao",1,2,"A"
"1116","12/07/2020","Leganes","Valencia",1,0,"H"
"1117","12/07/2020","Sevilla","Mallorca",2,0,"H"
"1118","13/07/2020","Alaves","Getafe",0,0,"D"
"1119","13/07/2020","Villarreal","Sociedad",1,2,"A"
"1120","13/07/2020","Granada","Real Madrid",1,2,"A"
"1121","16/07/2020","Eibar","Valladolid",3,1,"H"
"1122","16/07/2020","Ath Bilbao","Leganes",0,2,"A"
"1123","16/07/2020","Barcelona","Osasuna",1,2,"A"
"1124","16/07/2020","Betis","Alaves",1,2,"A"
"1125","16/07/2020","Celta","Levante",2,3,"A"
"1126","16/07/2020","Getafe","Ath Madrid",0,2,"A"
"1127","16/07/2020","Mallorca","Granada",1,2,"A"
"1128","16/07/2020","Real Madrid","Villarreal",2,1,"H"
"1129","16/07/2020","Sociedad","Sevilla",0,0,"D"
"1130","16/07/2020","Valencia","Espanol",1,0,"H"
"1131","19/07/2020","Alaves","Barcelona",0,5,"A"
"1132","19/07/2020","Valladolid","Betis",2,0,"H"
"1133","19/07/2020","Villarreal","Eibar",4,0,"H"
"1134","19/07/2020","Ath Madrid","Sociedad",1,1,"D"
"1135","19/07/2020","Espanol","Celta",0,0,"D"
"1136","19/07/2020","Granada","Ath Bilbao",4,0,"H"
"1137","19/07/2020","Leganes","Real Madrid",2,2,"D"
"1138","19/07/2020","Levante","Getafe",1,0,"H"
"1139","19/07/2020","Osasuna","Mallorca",2,2,"D"
"1140","19/07/2020","Sevilla","Valencia",1,0,"H"
